,A,B,C,D
2000-01-01,-0.04254282870104524,-0.7274048948104364,-0.517220193043648,0.7039662307258449
2000-01-02,-0.3554707019473357,-0.443280480022727,0.11076443710513506,0.6176862472290989
2000-01-03,-0.32781825271545256,-1.098301539308488,0.2828752598256613,1.9834093145985348
2000-01-04,-0.5118289343593486,-0.37072356749021407,-0.68549569516299,3.5518909643442917
2000-01-05,-1.0132870755420544,-0.6010620770367783,-0.5840811039995016,5.868536454447765
2000-01-06,-1.054437425300386,-1.1131316258083768,0.6664984583211019,6.254649301281072
2000-01-07,-2.4157441544406106,-1.2850949818168935,0.7767912020281842,7.152959418411659
2000-01-08,-0.7629560879236865,-1.522632973856292,0.07860212081765572,6.7904064151184595
2000-01-09,0.18847945663449028,-0.4011430650718557,-2.3099239834511867,8.02227202366407
2000-01-10,-1.8292212906507892,0.5691411539916232,-4.1034979535117895,9.203112553677546
2000-01-11,-1.3863109651773213,-0.1592419228397236,-3.48608299083711,8.438034369669788
2000-01-12,-0.004907960327292793,0.6701880960627481,-4.927049381969895,6.687501739304691
2000-01-13,0.5268841856868963,-0.5450371806842279,-5.127018210163375,6.080763046328053
2000-01-14,1.0831283480436138,-1.3819428827188993,-4.78762902640841,4.685006640921137
2000-01-15,1.4001272590047726,-1.412855282518067,-4.18461605132066,7.280350549099909
2000-01-16,0.05365871054736959,-1.4021985393318153,-3.6410140443415315,6.944175666268455
2000-01-17,-0.7072634708358693,-2.2681670373878235,-3.7864006802213925,5.533759298094907
2000-01-18,0.44355413350404593,-1.149476132708173,-3.789065914257591,5.424768332701515
2000-01-19,0.6685244691772616,-2.57176155718032,-4.464933774769114,6.070033661774944
2000-01-20,0.10940354043535816,-3.495715177023787,-5.1446303000164235,5.869618228131351
2000-01-21,0.292974838042223,-3.960747969481542,-5.145833857216075,6.80151663999564
2000-01-22,0.9705085979534892,-3.712416198408137,-4.641213301557125,6.41024094422081
2000-01-23,0.4341558987450497,-3.3266785068351004,-4.706815521750998,7.4239943750545105
2000-01-24,0.8124315013703669,-3.552950642884073,-5.855593857871891,7.762633867190739
2000-01-25,-0.7882490249834442,-1.961969432635647,-3.964550780320997,7.017109270491577
2000-01-26,-2.2226177209774596,-2.8059780275009145,-3.982508459456537,7.428828319319833
2000-01-27,-2.942008912620319,-2.0798221017758163,-4.194163642657292,8.38143528841509
2000-01-28,-6.133298541861294,-2.675485198247692,-5.306902516694118,9.290997695768272
2000-01-29,-6.593979431852578,-2.0065524119938933,-4.622556511218145,7.566143674996823
2000-01-30,-6.212728698120423,-1.7801543011520102,-5.749271909297537,7.272497270677728
2000-01-31,-4.980031705465986,-1.3475432216646976,-6.608912169273596,7.0038687031934215
2000-02-01,-4.3046373619832075,-2.0890603850694704,-6.992708131375148,6.129899119399558
2000-02-02,-3.8456756227013,-2.064354972269776,-8.097315718385385,6.852898357928087
2000-02-03,-3.1136829043188055,-1.2211676687179818,-8.564319346384474,6.133452049620875
2000-02-04,-2.309213749255789,-1.9115741736000351,-9.080550297254643,6.6334925343323
2000-02-05,-3.1022248569821533,-1.9544627322983927,-9.078085336131323,6.60538712247388
2000-02-06,-2.489016031552756,-0.4618704089171126,-9.744096812454002,6.198788238665313
2000-02-07,-4.146976488314179,-0.9933524430422321,-9.341266687069993,7.574050917261141
2000-02-08,-4.425359892769433,-1.0131466546781907,-8.02389103638418,6.411681013347878
2000-02-09,-2.9902186881687696,0.28343880450093417,-9.354072940502402,4.458912523747426
2000-02-10,-0.7172457595207518,0.2315872191951582,-9.583789798979396,2.875987643111791
2000-02-11,-0.6988278778819588,-0.08322034715772245,-10.706013463511306,4.212983027098224
2000-02-12,-1.4256824058896997,-1.0020000537824367,-10.214558121062154,4.309476134627857
2000-02-13,-2.1506164460208494,-3.114661273651479,-10.644681649688629,3.2479666705872865
2000-02-14,-2.4170263327275583,-3.206957974336393,-9.41363752249926,5.4417598296144085
2000-02-15,-2.9683735154706805,-2.44733599708786,-7.558413976161223,3.7402900133019434
2000-02-16,-4.4227673482220595,-2.3390711264042268,-6.062222618746431,5.05541834434645
2000-02-17,-3.9979743165922006,-2.0538437421071447,-5.38937930527451,3.7021955369377917
2000-02-18,-2.7968305461622407,-2.896680250080216,-4.70776484601123,3.317774522245696
2000-02-19,-3.2765157380443934,-0.35456228202011,-3.695018946230253,3.9045999386438908
2000-02-20,-1.9665813432439343,-1.408439616927346,-2.683698548214784,4.556926830221383
2000-02-21,-2.6636050624251566,-0.9005755125742819,-2.621155893695822,4.7806650707278475
2000-02-22,-2.8265606124696627,-1.3316797407031329,-1.6236510687513208,4.46427899202633
2000-02-23,-2.8661972587051907,0.11507641708593752,-0.5634615265236356,3.2535999569889817
2000-02-24,-3.033749167113209,1.0384402230169645,0.12259567172920216,2.6638161198113592
2000-02-25,-2.1084165582476486,1.3321639886130665,-1.1970491121234779,2.637614837552315
2000-02-26,-1.0637405377966989,1.244742690313093,-0.8829862315111598,1.9399351861622196
2000-02-27,0.3090391283304663,-0.2309789517339189,0.7637490306404495,0.8889013289520928
2000-02-28,0.5067911740553834,-1.6044634077444924,1.246505597889137,0.2754951576575472
2000-02-29,-1.5377819028513782,-1.1877203217574208,0.3823262412235755,0.48436411595323764
2000-03-01,-1.1557077383983998,-1.4247081229030587,-0.5388458141793746,0.43596824263348116
2000-03-02,0.24647943141690498,-0.9154907862907016,-1.7095988194252933,-0.02282464837485293
2000-03-03,0.2112309174122577,-1.198993235814931,-2.538852751750302,0.28253302117799456
2000-03-04,-0.742421777619827,-2.3588464746766196,-3.9765923608730245,0.11216175623970012
2000-03-05,-0.6874232005742082,-0.9631430368520331,-0.7841055129847678,-0.5672716996851901
2000-03-06,-0.20371403295660123,-0.6977327344690996,-0.7844555343886539,-2.946006283900619
2000-03-07,-0.08949670092534179,-0.02893634525536526,0.7159439480348384,-3.9834647541637276
2000-03-08,-1.120228293060856,1.9193916908362851,0.6893320796749214,-4.60188557905847
2000-03-09,-0.04594103579101927,2.3990261729507463,0.8509978038799175,-3.8671751570872197
2000-03-10,-0.3696822929334894,0.953521679640259,1.6524660190738116,-4.558417499551295
2000-03-11,1.1430366945572348,0.9401918372610052,1.9858931889926725,-3.4078864380452254
2000-03-12,-0.8983520031780832,0.7317498270620553,2.093767455872188,-3.8283127957100582
2000-03-13,-0.18191116603582203,0.7915046745859602,1.3181050435265338,-2.0466384948919703
2000-03-14,-0.6095741645226245,1.1268404000407772,0.23046475775679776,-1.4458048368454945
2000-03-15,-1.1270118493336139,1.4561433213529191,-0.2531985829215055,-2.0733383101971716
2000-03-16,-1.995278908192514,-0.10477297946470143,0.1399320569942304,-2.61949311945321
2000-03-17,-3.2751893407435753,0.6419816543466011,-0.6809484336963355,-2.2682778232432805
2000-03-18,-3.056600716476127,-0.1148872307524379,-0.9231111209090623,-1.6568051679838578
2000-03-19,-3.005515653194079,0.9425288617350011,-1.1768856402585623,-1.5299740211026098
2000-03-20,-3.861994792240532,1.9224088790711786,-0.3450594208199278,-2.0373266962974252
2000-03-21,-4.04339592019757,2.0145041022278267,-1.3343306847681808,-3.3869480728278454
2000-03-22,-6.328995690090066,-0.09588161036313814,-0.4824416689538199,-2.733616539241801
2000-03-23,-5.919991232834819,2.517342706132944,-0.608828087061661,-3.850422564635882
2000-03-24,-5.993966683452939,4.334205058274443,0.02250046070024203,-4.347451159412304
2000-03-25,-6.901027710383564,5.36358037834937,0.46827401883585973,-4.261384144439475
2000-03-26,-6.982679422105138,5.684765803542924,0.31336488770018367,-3.480412796920178
2000-03-27,-7.193990508288191,6.006978154027813,1.3364234290919743,-3.848788337861614
2000-03-28,-7.290404705092886,5.197188623041908,1.6646337192573388,-3.1343395883267675
2000-03-29,-8.198117295452343,3.4342926119561277,0.9361746049637261,-1.93089067011351
2000-03-30,-8.375885824587963,3.5109250129942993,0.06283690114267726,-2.36652225178767
2000-03-31,-8.87153893963998,4.478946355735488,-0.28520743282121425,-1.5942807771288017
2000-04-01,-9.47015875379998,5.199727594386756,-1.32432892133996,-1.0596983550556152
2000-04-02,-7.124109892786587,5.103719340596611,-1.7471693438752114,-1.917570118212637
2000-04-03,-5.440781290081062,5.236619032332468,-1.1882043711531196,-2.225625301395217
2000-04-04,-4.233856116907171,4.9028387357242025,0.4306626703081866,-2.237382369713507
2000-04-05,-3.2875286933067027,3.607046743195294,-2.019927194329222,-0.3352989933261472
2000-04-06,-3.8210765849773196,4.00528688945928,-2.5037330653973777,-1.3043221538968948
2000-04-07,-4.316686276771416,5.1023100507146095,-4.405609520384383,0.34709653081328296
2000-04-08,-4.361428087559175,5.624263278449414,-5.190698070448597,0.39406971538737806
2000-04-09,-3.9385023861633983,4.688190606725851,-6.900697963539935,0.8495363023233204
2000-04-10,-3.713926805703136,3.2592003471781883,-6.578642806840169,0.6083906084237773
2000-04-11,-2.7557490845587296,2.752896121372804,-5.495978598566799,1.7876449772197285
2000-04-12,-3.8190842311691036,3.5400346642933638,-5.477697819633527,-0.1435913311458814
2000-04-13,-3.328508366736676,4.52569914672561,-7.171506952821905,-1.084411661672153
2000-04-14,-2.185870953820274,5.40519429968751,-6.804039715074804,-0.7846463176455236
2000-04-15,-1.9812287252538199,5.453711447604322,-6.3697955107694915,-1.4750948147287777
2000-04-16,-2.561415392798055,5.775242364762209,-8.823330691806479,-2.1800394861989325
2000-04-17,-2.138431551601931,4.176693849341965,-7.761532987719123,-1.9835506611611273
2000-04-18,-1.9293427027921801,3.227393611845672,-6.619723769427042,-2.495598806134077
2000-04-19,-2.7610440030403423,3.092690464532347,-6.70631920449086,-3.0311907359951853
2000-04-20,-4.481657734695425,1.5545245212422303,-5.468747113421814,-4.76220251529976
2000-04-21,-4.9447558881597935,1.0731480000662428,-4.616319670848404,-6.179655295963415
2000-04-22,-4.191423836071006,0.18963380140396224,-7.716897129044904,-6.076521228502662
2000-04-23,-3.0495756834799335,0.36293588589522086,-8.622804539730787,-5.744955937014044
2000-04-24,-4.004909384834115,0.4375935324130805,-6.895978730784534,-7.152909523832138
2000-04-25,-3.6292105529115926,2.168111720650475,-6.245907204035117,-7.494018166736466
2000-04-26,-3.6057678734929746,2.474130831513451,-7.786021721892455,-7.440913989750483
2000-04-27,-4.795976997800549,0.8158653046420974,-9.548812479385681,-7.9076574659527825
2000-04-28,-5.940703725456614,2.13847478573327,-9.754459642134016,-6.92170015649786
2000-04-29,-5.778548313223941,3.051018621153214,-9.442904532701661,-8.016342870938
2000-04-30,-5.956008547136834,3.673562903975642,-10.46995518811942,-8.988226486418313
2000-05-01,-6.920735689726696,3.3482187901192617,-10.298583393625574,-8.67227687106134
2000-05-02,-7.261947798980914,4.216917143677152,-11.081546877743413,-7.684520690032469
2000-05-03,-8.668124693366927,5.436472255335428,-11.84235388602655,-9.377741033023135
2000-05-04,-9.240427652509352,5.851434358133769,-11.923843851200768,-8.870123372673238
2000-05-05,-7.635370388960729,6.575037585519449,-13.61164248842592,-5.675575428098734
2000-05-06,-6.1946197046475335,7.020589883680746,-11.87376468018438,-5.938120978112832
2000-05-07,-5.304776343076407,6.22755474039781,-12.54084305946586,-6.155931296566122
2000-05-08,-6.800324013692922,6.356631763017853,-13.180274073802702,-6.253432199487279
2000-05-09,-8.378331622624374,5.356780687815651,-14.14440513288405,-5.482670957898456
2000-05-10,-7.930005146455367,5.039426331112363,-15.842427243526927,-6.486005724829752
2000-05-11,-11.171419722163442,3.8559892622108407,-16.921717937693856,-4.575811480483787
2000-05-12,-11.618860631099155,3.5751432875427733,-17.670792757432118,-3.1423382559738924
2000-05-13,-10.876082041690976,4.869630201926272,-18.043264019915593,-2.929823634363266
2000-05-14,-11.258016416807907,4.3054065075324415,-19.88876251735243,-3.0585425850624612
2000-05-15,-12.108985793212621,3.7752380615460766,-19.123646458715047,-3.9219682326405088
2000-05-16,-13.059042376906191,4.941681389209196,-19.694145089882333,-4.803228998606429
2000-05-17,-15.430987338936342,4.852729530229883,-21.22264494822432,-5.989622280272049
2000-05-18,-16.21326072861609,5.345480415164021,-21.170128865241026,-5.10597309156831
2000-05-19,-15.31908031154627,4.964637915725341,-21.120936934146528,-3.4280092280530767
2000-05-20,-14.903646352732656,4.672796713420907,-21.2559112446264,-3.46615482868541
2000-05-21,-14.040227143665113,4.849760104944835,-21.523269070633813,-4.469751324140498
2000-05-22,-13.697289899009636,3.641220504473244,-21.69626697118543,-4.267815511199395
2000-05-23,-13.4282602679115,4.710575164129097,-18.407996485617947,-3.570844221437845
2000-05-24,-12.272180847323511,4.353306176231743,-19.545049090050636,-3.9218208939305295
2000-05-25,-10.871083298132152,4.496795019401355,-18.725344877285742,-4.5560795516548795
2000-05-26,-12.877794865716169,4.826855481563705,-19.59808522929588,-5.022117224302453
2000-05-27,-12.576670902251934,4.852768547161778,-18.198997692723285,-6.064951468790765
2000-05-28,-11.608618476567205,4.838783501727326,-18.384214263784685,-4.869002141181556
2000-05-29,-11.087379626688026,3.006785989242305,-17.17772775408685,-6.3449085971324655
2000-05-30,-13.284869439422906,3.489116870329978,-17.49153414351564,-7.613611776532389
2000-05-31,-13.988765643394043,2.0863822614719076,-16.7503282882876,-7.303135737422713
2000-06-01,-13.701070530911702,3.2722777247885997,-17.338718169677488,-7.0809261576199045
2000-06-02,-13.88469318291741,3.4087908146184347,-16.667687720984578,-8.094194356738123
2000-06-03,-13.39737354271045,2.453422303628179,-14.664738828918301,-6.214410728940919
2000-06-04,-11.407086600300127,4.111871976493842,-15.692183480284724,-5.230382577098754
2000-06-05,-10.130814056026697,5.109899666014606,-16.645957421003533,-5.7215159353047484
2000-06-06,-8.898189449478993,6.817379492259167,-17.60584970018933,-5.8102962820732875
2000-06-07,-8.638404052263981,6.153154611185585,-17.784966086692158,-8.61378963999301
2000-06-08,-10.786420437165894,6.879141737334732,-18.465614410237162,-8.180554249802878
2000-06-09,-12.989231678254,8.293748424172467,-18.190042940983734,-10.685967410574664
2000-06-10,-13.66182321191562,8.688910339046059,-17.951958371405983,-9.116298720725101
2000-06-11,-13.287679941769953,8.5302690333023,-19.008742614535684,-8.470565135603572
2000-06-12,-12.474429795912943,8.472189165436772,-18.55807874002733,-7.700854984818053
2000-06-13,-11.298701133617104,8.337529083940588,-17.399825291336427,-7.447155637097473
2000-06-14,-11.700732636819184,6.899651437019233,-17.505737961976713,-8.73437045335169
2000-06-15,-11.991181613416085,6.873600468424863,-18.700354703776565,-7.24567807765248
2000-06-16,-12.745464763320921,7.7300544855128885,-18.489146551329295,-8.099175543450817
2000-06-17,-12.892478529527681,8.35704788548978,-17.833402617727064,-8.217967427916156
2000-06-18,-12.663233861525123,9.432234786273712,-16.961631568992303,-8.565432163221251
2000-06-19,-11.106066119848556,8.712777255860061,-16.793414167258984,-9.681207926920706
2000-06-20,-11.16123764842058,8.271451954332544,-16.499690757434177,-10.231326169196773
2000-06-21,-11.36509278271023,8.182553748318616,-15.783662034048936,-8.090316591033496
2000-06-22,-10.628845513151624,8.008847726891629,-17.36128120286002,-6.907291623597862
2000-06-23,-9.91837673639606,9.661522370374545,-17.929665075389945,-5.61850868883651
2000-06-24,-11.632354411954925,9.005407700441571,-18.88862516505072,-6.591900598171618
2000-06-25,-10.535004219560767,7.924243063136691,-18.623157388985504,-7.078575137297777
2000-06-26,-9.77364157245887,8.134043195455083,-17.322528420669535,-5.559913960224273
2000-06-27,-9.609856328799319,7.733720027010415,-17.00124586683981,-4.652999080302489
2000-06-28,-7.846700734305978,6.435378548543907,-17.4922670990753,-3.2685481583169245
2000-06-29,-6.693947804879012,8.18148868215733,-17.28827596602293,-6.084988281543961
2000-06-30,-6.476021414866973,8.900464007338691,-15.792076784712552,-5.489594012038056
2000-07-01,-7.3998410632105935,10.096852146797373,-15.507113223200417,-6.0658807091660245
2000-07-02,-8.145205851637163,8.05723772742918,-14.634246554949,-4.93221824833174
2000-07-03,-8.758094589945433,5.227348900462772,-13.97804833877792,-6.156678629057228
2000-07-04,-9.118885535779185,3.818907673126446,-12.273069933209646,-4.55512673624653
2000-07-05,-8.17029499584761,3.780872170030609,-10.462575895801109,-3.118138485959426
2000-07-06,-10.313027442582374,5.595151915943006,-9.843251795185529,-5.240033953600945
2000-07-07,-11.24099935081678,5.223992374051073,-9.148919563605183,-4.43991417175161
2000-07-08,-11.64243408372358,5.401760092396633,-8.67478154213163,-6.923834775021438
2000-07-09,-12.028168102732932,4.6118304119931555,-9.702898415652935,-6.291587753300606
2000-07-10,-11.014295630085435,5.503143756313726,-9.215772118355126,-6.917930415715874
2000-07-11,-10.96369735865462,5.4924084963853455,-8.363050675700526,-5.223429073987587
2000-07-12,-11.539272373128526,4.694487361545377,-9.39150974461482,-5.295688810692547
2000-07-13,-12.814510778485248,5.451752011112425,-9.278430993028847,-6.752356116329704
2000-07-14,-15.204487641697614,5.867427501992062,-9.501996354338878,-5.945650171370208
2000-07-15,-15.10190755592137,6.996860253862677,-8.467566930303715,-5.664403421014575
2000-07-16,-16.58057087115629,5.673714993452432,-8.089669198412192,-6.483006740570314
2000-07-17,-16.695601146842105,6.231887601637656,-7.7729870703947155,-7.052373374160618
2000-07-18,-14.337175324509529,7.310438611895862,-8.644322966998123,-7.47269456656948
2000-07-19,-14.910887204917653,8.71697254639041,-9.436844926614542,-6.637996958514553
2000-07-20,-15.239865823275204,8.02432007247295,-10.237019282260368,-4.925646020421694
2000-07-21,-16.002123165617085,7.8630130910842775,-9.640226481920203,-5.05286912570324
2000-07-22,-17.090593028015586,8.912347933655747,-9.016078240929659,-4.764968448431275
2000-07-23,-17.859029828366154,9.037527686342065,-8.335514522784566,-4.32068829709491
2000-07-24,-17.481710340608753,10.437625064991462,-9.344906725363053,-3.146012419127259
2000-07-25,-18.85422799440782,9.656302268720644,-8.931638787687238,-3.684338646897457
2000-07-26,-18.16734902194113,8.607002058376102,-8.805650090862885,-2.645013315552035
2000-07-27,-18.665302170527674,8.557193122500538,-10.090741107441513,-1.4458751992557932
2000-07-28,-18.227165793634324,9.093211564055204,-8.1697129681744,-0.16838058190511362
2000-07-29,-19.05702754578429,10.323575090541619,-11.232262453710351,1.7431303619237508
2000-07-30,-15.848160519397508,10.41581531263208,-10.578729585016685,1.7454495677162687
2000-07-31,-15.328821257873763,8.961129506342068,-10.536758637842286,3.0480323292538327
2000-08-01,-14.145853478455988,8.52127589213477,-10.44805341119893,3.5209008608399612
2000-08-02,-14.315773156705461,9.026339834982407,-9.818509890303426,2.3476370490069964
2000-08-03,-14.08234174866882,9.008940454553466,-8.64836140222372,2.709052568407274
2000-08-04,-13.125976499610495,7.96730265866594,-8.276100236399047,2.843271965954007
2000-08-05,-14.994791630279463,8.15456158405591,-7.427398946619904,1.3753023709869145
2000-08-06,-14.528353572644615,8.02209771714748,-7.093732013040868,1.1544065972992446
2000-08-07,-15.228433856674467,6.813884839457488,-6.490777636294252,0.4632827651469721
2000-08-08,-16.204224666951983,7.721636197769199,-6.499935716161822,-0.3043921791867178
2000-08-09,-15.857276107400917,7.707505287964634,-6.320778858527388,-1.3310771439933209
2000-08-10,-16.538512240686718,6.53644728149397,-6.616456291801514,-2.8900608822001983
2000-08-11,-15.39373088433599,7.7974666596704045,-7.170640544519274,-3.7158072910783484
2000-08-12,-16.042033116211574,8.742353285253298,-8.39488932729795,-3.030244826097389
2000-08-13,-15.983471574606673,7.252631047374223,-8.916902605916345,-1.8881151279859916
2000-08-14,-13.749362652987903,6.475104072161783,-10.28510353081261,-1.6681390416657575
2000-08-15,-13.198589879334152,5.644012138237282,-10.744337540439105,-1.0781348834154143
2000-08-16,-12.519061316628944,5.286419779499037,-11.372680931921881,-1.9992230905839656
2000-08-17,-11.548126293000331,6.5798676415505994,-9.353064140079518,-3.1051311703378626
2000-08-18,-11.493131230037468,5.849422612479596,-9.432372152864291,-3.531968327074953
2000-08-19,-11.943504537443257,4.277057176579611,-8.350142955902374,-3.022796223257777
2000-08-20,-12.208651410402448,7.438982036835963,-7.883830903330389,-3.6829507415769434
2000-08-21,-11.791395800368827,5.630925287450864,-8.493930084746422,-2.7624620295981686
2000-08-22,-14.075356702611652,8.498205589971825,-8.356051630283922,-3.543266935462421
2000-08-23,-16.35858252406336,8.565774665814493,-7.21131198793365,-4.73461619640039
2000-08-24,-15.26261013677428,7.9248800582539936,-6.641686265106554,-5.903186074834691
2000-08-25,-16.1188688298037,7.401875130166365,-6.600777656250197,-6.432582499611335
2000-08-26,-15.967860683431288,7.214286463271754,-7.419823999232764,-6.915383895684263
2000-08-27,-15.264528721199422,8.234262038542228,-8.494753951595893,-6.894781937682079
2000-08-28,-16.67094549625214,8.206697910903891,-9.097625870671257,-5.554972760653328
2000-08-29,-17.73947948934967,8.578642632610409,-10.200150643775888,-5.81850546740735
2000-08-30,-19.20583887060147,6.495113314142234,-11.826440615960234,-8.604298401231379
2000-08-31,-22.081543506783813,4.355162238511757,-11.320961628782344,-6.6233426990873205
2000-09-01,-20.355393642346403,4.618949434427618,-12.58182473493107,-7.786330319432774
2000-09-02,-21.22418935892978,4.453010161692718,-14.536749352561714,-6.085411063100651
2000-09-03,-21.05991749384918,2.974913747113839,-13.20048709985857,-5.485248686691794
2000-09-04,-22.237712058140342,1.621245287253532,-12.523178550323541,-3.9450777752926065
2000-09-05,-21.95748853003202,0.7407242307345802,-12.278079748113484,-5.2023210075874
2000-09-06,-21.977485521053847,0.9602911800078027,-13.884557134444487,-4.106007287232401
2000-09-07,-22.852800078035692,1.9471567535963488,-14.648122563220577,-4.040662822967258
2000-09-08,-23.515959703074458,2.0154125493617716,-12.855609437940418,-3.1033632102938107
2000-09-09,-22.78676380077634,2.9097370312322646,-11.448404041050653,-1.466665359737049
2000-09-10,-22.616681865357723,3.713040248611091,-10.507490684932343,-0.8214457261281358
2000-09-11,-22.507878549081358,4.253950412676675,-11.211331511615407,-0.04134181787141622
2000-09-12,-23.101890634630976,4.058921157326376,-10.950205117818436,-1.057704045885439
2000-09-13,-22.634319325776694,4.206895843051456,-10.811965657673415,-0.345134114273804
2000-09-14,-22.277548526737185,3.8472185726451102,-12.261061110859089,-1.2247779087662765
2000-09-15,-21.039866433181526,3.766281343581353,-11.729010378570617,-2.142779631751222
2000-09-16,-21.51412126309052,4.136005153103136,-10.716221863248311,-3.6762486222365247
2000-09-17,-21.137502354534547,4.146607343708786,-9.37386966016446,-4.35489909659427
2000-09-18,-21.38197069139054,2.8714283387668234,-9.139956294270922,-3.7480004677631724
2000-09-19,-21.335884662136202,3.117399798192432,-9.777448108608528,-2.9423873045276903
2000-09-20,-20.395425079170987,4.850399861095051,-8.556192655712717,-3.532879667795057
2000-09-21,-20.59734232887346,3.431569957217646,-8.78947388962611,-3.2606533287353185
2000-09-22,-18.36537059828163,4.157922227898728,-9.702699431584742,-2.4328412569281577
2000-09-23,-17.483292299964805,4.0590709453353595,-10.300301358869927,-2.0197088026787755
2000-09-24,-16.11607506175502,4.901257279582241,-10.475797741162069,-2.71889439871384
2000-09-25,-16.28981481515448,6.863961383718262,-11.721715967833656,-1.4672773320083876
2000-09-26,-15.573893964425855,6.899073322635532,-12.176541096443023,-1.8633895339364235
2000-09-27,-16.04005165217952,6.7818204085192555,-12.445687800276868,-1.2632655105592947
2000-09-28,-15.551551047646313,5.883976098156692,-13.909381600647844,-2.3216744780194007
2000-09-29,-15.165723683895783,5.88114767374097,-13.640999830119794,-3.0706610351912396
2000-09-30,-15.220278949902275,6.850601204871585,-14.076142632238353,-3.296545174563653
2000-10-01,-16.119572520818167,8.05795676938612,-13.11868469866333,-2.858948580932843
2000-10-02,-17.733559590358183,8.176762094825392,-12.794486581734501,-4.156129062913178
2000-10-03,-16.05217308009404,7.53750398882806,-13.117327186583728,-3.5454920970784465
2000-10-04,-15.872290186636063,7.497970292027517,-13.391525654007445,-4.180628556503185
2000-10-05,-16.20996575702862,7.168837910719616,-13.361633096169871,-3.466024599725057
2000-10-06,-16.409672695824003,6.586626301906297,-14.577368860117081,-5.3817435368898785
2000-10-07,-16.554181754016316,6.155408818564139,-12.585153134003246,-6.5581695412333865
2000-10-08,-17.13095344315214,6.697450194224192,-12.474268974337136,-7.085728200398831
2000-10-09,-14.89767684837281,5.693658593110596,-12.755257693284701,-5.759229799446183
2000-10-10,-14.813589454466593,4.104029767606491,-11.528954740918401,-7.747681129528192
2000-10-11,-13.698734415612144,3.300857591955282,-10.022383048409253,-9.724344596173207
2000-10-12,-13.97925371818332,3.2451629273248606,-10.770549264875415,-9.943448349319828
2000-10-13,-13.551711673179787,3.615574126154905,-10.617464563335561,-10.33942966185415
2000-10-14,-14.249865138563388,3.045796651574817,-12.090083059386178,-10.601350665392063
2000-10-15,-13.190678335992336,2.592347017358955,-11.277476976128522,-10.159620563928865
2000-10-16,-13.965513752450374,2.8744777470739593,-12.610574508544952,-11.277515948992873
2000-10-17,-14.413221494968562,3.521520516620748,-12.35359237136192,-11.29481588054548
2000-10-18,-15.575316354907995,5.19986154362095,-11.421667340313002,-10.423910471803106
2000-10-19,-15.17233069167965,3.7866292584001013,-12.187940809124614,-10.406195130741937
2000-10-20,-15.022940327682397,3.12055556908051,-12.369568733169737,-11.301924623550606
2000-10-21,-15.207834009584037,1.9098870692628747,-11.92185658634769,-12.19297679796702
2000-10-22,-14.131427431124752,2.407521723591077,-11.167469083398329,-12.13601672347344
2000-10-23,-14.65423774923909,2.8392788225365653,-10.185010897984643,-12.554260217633662
2000-10-24,-13.381643876296767,1.9780402600557867,-11.627565456927883,-10.871857849668343
2000-10-25,-14.186860687912848,3.346579869856992,-10.689680524474422,-9.311931966704574
2000-10-26,-13.217081740159607,1.7079397610063947,-12.25452977212597,-7.08611930066848
2000-10-27,-13.95496125376777,0.8879870784116335,-12.048402356972966,-8.155774896843345
2000-10-28,-13.603791345394779,0.9301213472309764,-12.05609075919094,-8.841315125422607
2000-10-29,-14.68877892676044,0.13174205389441407,-11.052001919921256,-8.72719358530683
2000-10-30,-14.430845597905991,-0.39471886986184457,-14.201299383548399,-6.9733702939387205
2000-10-31,-13.84316207262588,-2.3033275361878567,-14.183160362490352,-7.718085608232471
2000-11-01,-14.76651978934531,-2.0619003560792373,-15.477110940125666,-6.717835769959077
2000-11-02,-13.160465777004873,-2.2848527520036255,-16.227438062546014,-4.559837644636074
2000-11-03,-13.114801648015955,-2.3163813302552456,-16.316934521432827,-4.23266676413319
2000-11-04,-11.818931212403315,-1.2616960660532506,-16.41175811255971,-6.034032347700757
2000-11-05,-12.950291276602607,-2.1888388876594513,-16.439490987928462,-6.049441399610657
2000-11-06,-12.787105082426956,-2.0267132506042653,-16.43039589278623,-5.736380484118463
2000-11-07,-12.881635268085821,-1.3027010500469212,-16.58206671577767,-4.599704821780615
2000-11-08,-12.227204360432253,-1.8186348103963699,-18.33757817682378,-3.098079869722964
2000-11-09,-11.400201246778805,-0.5271462822423048,-18.082437067423108,-3.9544190059505664
2000-11-10,-10.473293387086345,-0.3589419479844497,-17.045727704237205,-3.8700843692452067
2000-11-11,-9.189969814511393,1.481592436272879,-18.436805129254935,-4.72928395826034
2000-11-12,-8.797274301449535,0.9407757968203867,-19.01084587739857,-4.650222396742805
2000-11-13,-7.494709332087677,0.7828926054415641,-19.87257304030736,-5.191216813073488
2000-11-14,-7.973333092626799,0.22849437944860163,-19.99626994425848,-5.937498290026413
2000-11-15,-8.166811187875727,0.02552464040785385,-19.574034766054893,-6.532512704952027
2000-11-16,-7.330018322080152,0.21262242122918074,-19.02380925318212,-7.446007916107013
2000-11-17,-5.8079015922206185,-3.009598063343092,-21.231990094228998,-7.675947793149673
2000-11-18,-6.109226037204393,-3.366124034718071,-23.025488456771242,-5.835980881634157
2000-11-19,-5.722878385788135,-2.6547477623722058,-22.457173496375788,-6.58183714599701
2000-11-20,-3.6142935838391597,-1.5656338300971695,-23.631647473945023,-7.388784873152447
2000-11-21,-4.50637449689533,-0.7487010718677822,-23.896867775295352,-7.358021452371417
2000-11-22,-4.106235510513728,-0.5795086606814359,-23.884747433892382,-8.383216675684913
2000-11-23,-3.7695754010877396,-1.861077860148623,-23.035681340968118,-8.732827259148321
2000-11-24,-2.2811151597392856,-1.249731667546212,-22.470463213391543,-8.320590254032716
2000-11-25,-2.0524291863775352,-1.8351020221179466,-21.69454422154551,-8.233079388609417
2000-11-26,-2.021082575285911,-3.2034595496281417,-20.997076205531307,-8.106315668268733
2000-11-27,-3.846919469800998,-2.2733815099333645,-22.05194524558172,-8.596775530736743
2000-11-28,-5.341297092641338,-3.0234472987707544,-20.728062775917333,-8.910907624317613
2000-11-29,-5.650921248167932,-2.287533009758969,-20.77644195020133,-9.552966313956487
2000-11-30,-6.072167705605975,-3.9774888577119136,-20.68192986949625,-8.951079954719459
2000-12-01,-6.309391522552758,-4.863481058162308,-21.554767565338402,-8.712815628019811
2000-12-02,-6.117976633859488,-4.722109101488154,-20.747002089817187,-9.179258156531372
2000-12-03,-6.512069355568061,-4.194213733860836,-18.695254547327245,-8.167678743478447
2000-12-04,-7.57220886788456,-3.206995334421421,-19.03045258050386,-6.901240934778437
2000-12-05,-8.435694937943921,-4.152034146450738,-19.981826862149187,-6.893188022975259
2000-12-06,-8.358634149224716,-5.256436338150708,-20.61266474638448,-7.587874716136146
2000-12-07,-8.173982992791698,-4.173039177613662,-21.409049496809004,-7.62961150690266
2000-12-08,-8.728685509345828,-4.613844022476877,-18.384958026489493,-6.392509028970929
2000-12-09,-7.346467671955978,-2.726454857076479,-19.341354016177316,-7.04160056156132
2000-12-10,-9.034734718741369,-2.3367200730828936,-19.50764225185792,-5.994872120943947
2000-12-11,-9.70443703020581,-3.2509665348621684,-20.005125724571094,-5.839104505352392
2000-12-12,-9.216236759423838,-2.385327951163587,-21.700161106993068,-8.064071981475724
2000-12-13,-9.324386442794644,-2.7804599253521687,-21.22160618814066,-9.612063027284533
2000-12-14,-8.585365624061927,-2.23064480915495,-22.170553024620528,-9.437431517782226
2000-12-15,-8.95191589329064,-1.7419759941168915,-22.68099163174142,-8.99413115384895
2000-12-16,-7.967795764912355,-2.496785530158539,-21.800320651497756,-8.421628259874606
2000-12-17,-7.906204013578876,-1.2372846847102172,-21.150775514865746,-7.9521519550067605
2000-12-18,-9.459201471276549,-0.4473536353137936,-23.416764742753692,-8.669590540849876
2000-12-19,-7.391365749459435,0.44753656369361383,-23.664092389112433,-8.436634187231373
2000-12-20,-7.658238835715166,0.36656416069636244,-24.383519641595687,-8.159577082134593
2000-12-21,-5.9248387370146975,0.7769974897459321,-26.322576381156555,-8.793470046126222
2000-12-22,-5.88148105569939,1.655364123005659,-25.518371719794374,-8.915108297978879
2000-12-23,-7.4509093230877035,2.598891530201839,-26.378102017090765,-10.248011134833781
2000-12-24,-8.154527568349701,2.1929140726564764,-26.79094584852187,-9.850281492016228
2000-12-25,-7.895805130985878,1.4936640293510584,-27.19422668694199,-9.613775101271369
2000-12-26,-7.756457022377151,-0.908517887321155,-28.186657759887275,-10.998471415637162
2000-12-27,-8.715172479072784,-0.15956244967439526,-28.2688255717086,-10.941326355354356
2000-12-28,-8.80211313118921,1.1827549412147889,-28.40443060932663,-12.480889922156067
2000-12-29,-7.65489219402319,2.920137513120559,-29.239021813016773,-11.690591939571704
2000-12-30,-6.406271808841205,2.2605503118732884,-28.574738810906897,-10.821014921982613
2000-12-31,-4.8802521469438584,-0.13402532655054955,-27.65490356926885,-9.288651739310742
2001-01-01,-4.97403038407948,1.1443540187736359,-27.727356514495586,-9.68715424243621
2001-01-02,-3.655720114153917,0.5711645440359624,-28.144247883496575,-9.73975426022377
2001-01-03,-2.917007568329594,-0.16264502404988213,-29.527243880708067,-10.081611369694608
2001-01-04,-3.1089051321009094,0.20761459452009745,-31.23837357580103,-9.060326090566349
2001-01-05,-3.886919525973978,0.8673451032428539,-32.13271263115979,-6.808131130236571
2001-01-06,-3.2674254947853454,2.602709718906107,-33.133200414444545,-4.58255238420052
2001-01-07,-2.5092756946779993,2.083931791270138,-34.14968288005585,-4.482779565042769
2001-01-08,-2.557031885228061,0.4549211436713827,-34.218535347908976,-5.8563770180854835
2001-01-09,-0.7601239327141978,0.46246013004028835,-34.326402951465944,-6.126622871579176
2001-01-10,-1.728516435552804,-0.04513221642592774,-34.207790410140426,-4.366201892226298
2001-01-11,-0.7657680881357352,-0.18050343351810078,-35.408809742619866,-5.1073293441729675
2001-01-12,-1.7103599570851018,1.5290180803516473,-34.636777689370525,-6.472825226807512
2001-01-13,-1.1796918041009454,1.0794326789320725,-35.25469295542795,-5.363267865866172
2001-01-14,-0.7463965956513479,2.436202407540388,-36.06829864956195,-4.374454917655335
2001-01-15,-1.0300293481292395,4.2891083407116755,-35.27353413000846,-3.38434071192349
2001-01-16,-0.30970240446342756,3.7794878774546863,-33.81497992973439,-4.445648823272304
2001-01-17,-0.4837764391335288,2.7585758881893505,-34.5522396788275,-4.345082751209007
2001-01-18,-0.8498145783611153,0.37495441345337,-33.85536858117827,-3.6367721677378504
2001-01-19,-2.8881393293081103,0.4296990209875812,-34.95547206564363,-3.0698962291876355
2001-01-20,-1.0241031407239738,1.1623864099275272,-35.147424341954526,-1.9781627440965237
2001-01-21,-1.7232160368774945,-0.18520000330806385,-35.115157374109,-1.507738880289647
2001-01-22,-1.6494385560973746,-2.040247748716425,-34.709692906427065,-1.6581760765413154
2001-01-23,-0.8712363228727688,-1.5380662217075232,-33.795149049421426,-2.325872562215811
2001-01-24,0.6787814197518852,-1.3479973689393456,-35.88519051542925,-3.7097783638203214
2001-01-25,1.7712554425411509,-1.5309502720009653,-35.47722205711351,-3.723027472922583
2001-01-26,0.9625293717492681,-2.4857542721394705,-35.64600593915828,-3.507568494693309
2001-01-27,1.1641603709833717,-1.984886578089313,-36.493956536766646,-4.301998346901755
2001-01-28,2.566518527649662,-0.4172325443682068,-37.7279477078036,-4.310039053994065
2001-01-29,3.213342382436166,0.3519496302239372,-37.2164979448059,-4.442913037669813
2001-01-30,5.052243620184363,-0.4829857643518315,-38.483160493815426,-6.395087748828278
2001-01-31,3.4941093952242928,1.1487248046699179,-37.2252030997695,-5.043435927801866
2001-02-01,3.9511146795031027,0.25507709044979177,-36.39093887112235,-4.857708945525234
2001-02-02,5.38146782150504,0.4807416717670924,-37.43182988152351,-3.9729934075716278
2001-02-03,5.440520106025518,-0.642123520663338,-36.88545320438484,-4.183404590516757
2001-02-04,3.9448738229752105,-0.40189746658924647,-37.16100391651002,-2.7618386366985446
2001-02-05,2.571573763932628,0.14906665422556958,-38.27970857685709,-2.2403400534225915
2001-02-06,1.9052294992906949,-0.4336488525242635,-38.42632212504323,-3.03698188971041
2001-02-07,1.7129048453330498,-0.45722254428180287,-39.21312315482549,-3.3363385237286467
2001-02-08,0.9354831434827777,0.867394645918664,-38.83226051235139,-1.9065673809304144
2001-02-09,1.704880541569985,-1.6115913301794778,-38.8915854331964,-0.2777954368517357
2001-02-10,0.5735737447174312,-0.4967411640919823,-38.48987107171808,-1.2265705908109141
2001-02-11,-0.56413235254522,-0.5453189177938261,-40.29135451781743,-4.108256175709507
2001-02-12,-0.43087516135855397,-0.30012124780146077,-39.76341251539836,-2.6686173847050316
2001-02-13,-3.048166144155848,-1.508126657065786,-40.076270070872326,-4.583914298096431
2001-02-14,-2.0431999790986115,-2.028544638418968,-39.54503577423253,-3.8925699954223827
2001-02-15,-0.7972519408698158,-3.509949234581602,-38.38818239771683,-4.147605014514596
2001-02-16,-1.5044771788285778,-5.457591774026143,-38.011193948435974,-3.2243194210022725
2001-02-17,-4.708740641364576,-7.093841858847716,-37.79446795400087,-1.9276029121989844
2001-02-18,-4.046395389954197,-7.455542225894812,-37.759027998646616,-1.5739719434339863
2001-02-19,-5.149519855217916,-7.5221921929530176,-38.978761637261215,-0.871092968325533
2001-02-20,-5.0967440145142575,-6.1125567974842,-38.80342467509121,-0.2453940509574074
2001-02-21,-4.579501284586463,-7.489781982157645,-36.98671772984192,-1.36906942767714
2001-02-22,-3.9543905081812984,-8.226250951452672,-36.6007372393916,-1.4418191567890533
2001-02-23,-3.9233358010221875,-7.233050543680965,-36.99270454605141,-1.194430085053408
2001-02-24,-5.447433238447415,-8.385127600062598,-37.712866665658254,-1.4607021569892762
2001-02-25,-4.52425571268025,-8.864646682913497,-37.1411069181254,-1.5175425366130866
2001-02-26,-3.890067269593638,-10.44606189873631,-37.321707845070065,-1.0144655151559996
2001-02-27,-2.732605819172125,-9.972805185950813,-36.92519343792013,-0.8082173448559729
2001-02-28,-4.076263125660685,-10.59444272249752,-36.782815859020374,-2.122845592341375
2001-03-01,-3.9297326025827224,-10.308164859382831,-36.96376802666796,-1.4210690206851067
2001-03-02,-4.788674778913464,-9.572058462504422,-38.05152440953279,-2.2211976319685722
2001-03-03,-3.726369455019255,-9.746293150998268,-37.980327657364334,-1.7817825633204356
2001-03-04,-3.6648963274906707,-10.932254061841272,-37.6353026848668,-2.223673091406767
2001-03-05,-3.5248644675436194,-9.971669347013936,-37.79691409915331,-2.7259011840040435
2001-03-06,-2.9099775511221835,-11.79579476836151,-38.472204526549994,-3.5732166214245544
2001-03-07,-1.8973974067903077,-14.471470886144226,-40.87961396619806,-3.1756765875174215
2001-03-08,-3.8531537520568637,-14.23777154597078,-43.03732008772815,-2.0678006363224184
2001-03-09,-5.245932952931632,-12.350669749186986,-42.79400118123269,-1.395959783842747
2001-03-10,-5.743568344383968,-12.488835316254436,-43.27731170587597,0.32471235333461745
2001-03-11,-4.502750308524721,-13.540880289514288,-43.77167217728046,1.2580457664133653
2001-03-12,-3.475792727561031,-12.425636964855531,-42.39542105226187,0.6582993576004778
2001-03-13,-4.30393602280638,-12.130784230727954,-42.190459577639935,0.29093314117748864
2001-03-14,-4.336977398732053,-10.972233682237995,-42.7080771190475,0.7391993579050085
2001-03-15,-2.6745848844557054,-9.872828468740744,-42.38189424718886,-0.05641473481871562
2001-03-16,-3.750165183292227,-8.940227234643057,-42.56993190172003,0.3043037219433817
2001-03-17,-3.846316438362347,-9.12021979506379,-43.84499678871122,-0.7220407697584323
2001-03-18,-4.060349974631658,-8.421158472332966,-44.36592483937003,0.4737443314355194
2001-03-19,-4.531330354244471,-7.079130578746486,-44.731149572174914,0.21368383396781587
2001-03-20,-4.879626083949142,-6.6299421071737665,-45.89943059442637,-0.5513418610913585
2001-03-21,-3.857250961973219,-6.164236956391962,-44.98799946176715,-0.7602183692503439
2001-03-22,-2.158039184913366,-6.122469112899147,-46.018145407337165,-0.6097109364210855
2001-03-23,-2.1470625356705506,-5.9770150863972695,-46.54582491493999,-0.8997468767940366
2001-03-24,-3.038000931591728,-7.116175438903461,-46.42241693252183,-1.6087331982963557
2001-03-25,-0.9262543802599841,-9.048896740058076,-47.59239256888096,0.6257136400520493
2001-03-26,-1.1652696780496683,-9.762708837468853,-47.62324366972466,1.3134579437603988
2001-03-27,-1.0170149461896703,-10.40123101747687,-47.28086971667494,1.1632203515253587
2001-03-28,-2.9913079653667367,-9.931653784502702,-46.62587671167012,0.0013217592740237816
2001-03-29,-1.9173714726912203,-9.187794095177953,-48.988425807495666,-0.031803473849284364
2001-03-30,-2.426636949305744,-8.459153615643475,-49.39422082860956,-0.04354145505145913
2001-03-31,-2.2329116849692414,-10.334774635707898,-49.25880953752737,-0.8358168825249452
2001-04-01,-1.3694508056858523,-11.368842860291842,-47.45215590438096,-0.40282536067269276
2001-04-02,-2.819426701017729,-10.538615596273035,-46.811936526408104,0.48162196063405155
2001-04-03,-2.14278003987054,-9.83917410918514,-47.19616247612637,-0.8852485791143749
2001-04-04,-1.2289102226558877,-10.355774396197901,-47.437295664267765,0.598413235190898
2001-04-05,-0.46616416967866026,-7.76349351307884,-48.29959441162778,0.7936593416183013
2001-04-06,-1.7258203166612274,-5.8681551156999365,-49.7074434728097,0.3618312941061571
2001-04-07,-3.03276012104613,-5.468825266700317,-49.592726211206006,0.8817547155619676
2001-04-08,-3.9302121215106482,-3.7868740089520005,-50.17643026406626,-0.5721460690521674
2001-04-09,-2.7132120597828973,-3.370066562174325,-50.97619146126213,-0.5068294714897993
2001-04-10,-1.3569510007850836,-3.2252124876593697,-47.801627081425636,-1.4595976899369494
2001-04-11,-0.3863433206520126,-3.1503943110375485,-45.73267714899115,-0.15351931253645756
2001-04-12,-0.225012176084545,-4.026063927247645,-45.400779185908846,1.09033618779205
2001-04-13,0.21454080444633017,-3.236438324141092,-45.00533079196652,0.5266176674821275
2001-04-14,1.8495405514044556,-4.5465698457541865,-45.824480129390146,0.7548473019931471
2001-04-15,1.268937808895246,-4.201922283982701,-46.03527453297633,-0.6019919537437969
2001-04-16,1.3927209383082957,-4.230386877324172,-45.43922775907321,0.3868578292598901
2001-04-17,2.4083541768211427,-4.357161816475444,-45.559312314000245,0.9525720193078749
2001-04-18,2.1600900515934023,-4.462958634886237,-45.792498540961475,-0.2348511138208581
2001-04-19,1.2517006986560033,-4.041558472250006,-45.72654476990077,0.21092137747547685
2001-04-20,0.7229045706538232,-4.404854058111252,-44.612350813373304,0.2749584412386959
2001-04-21,1.315858287210098,-5.385540809498889,-46.91926611947382,3.3947751293838295
2001-04-22,2.3507660277704736,-5.176940885659489,-47.330988561448954,2.550775671108083
2001-04-23,2.8308739390888715,-5.982472865920903,-47.290199335381445,3.603265371692162
2001-04-24,4.496924339163636,-4.367119443553786,-48.51445647991444,2.1537254188050152
2001-04-25,5.214234631701572,-6.3660771200277155,-48.323671670756816,4.048902891978249
2001-04-26,5.508937853855677,-5.623005126393439,-48.64573843396487,3.7071183902439673
2001-04-27,5.5930014226732805,-7.568048590336484,-48.88956631134035,4.175455201928316
2001-04-28,5.955534535965904,-7.399207141274145,-49.20479468055328,3.503291939517644
2001-04-29,5.970435329730936,-5.739882633136924,-50.863247465153556,3.890214936610303
2001-04-30,5.64253223871662,-5.000944974166527,-50.871737178552344,3.8690849405923355
2001-05-01,6.730635230014518,-3.981462792790886,-49.14215232871559,5.4784395696866435
2001-05-02,8.099301672911947,-6.921358670680318,-48.18572736648536,5.221707845831139
2001-05-03,7.4705365178217225,-4.92004146506853,-48.311937330788886,4.999303719817325
2001-05-04,7.1872146624096995,-4.235651889971136,-45.93105051055218,5.204997993322241
2001-05-05,6.445622815778512,-4.391236505749468,-46.37196292650635,4.904888141420164
2001-05-06,6.6703115074253985,-4.641244441883434,-46.417301030478804,4.816424199618267
2001-05-07,7.915032834327438,-7.095806599894432,-46.46748806161004,5.438396243779257
2001-05-08,8.034673701186827,-8.31422765058768,-46.68363023265422,5.1813921245075605
2001-05-09,7.558674552173928,-7.068186985195879,-47.988550980367506,5.462956995186186
2001-05-10,8.159824885526678,-7.29758300953818,-46.72403783389197,4.575016087083723
2001-05-11,8.940203020934502,-7.659780938383274,-47.50403885346433,4.035016805008346
2001-05-12,9.84921866376843,-7.157491008776854,-44.991214696419526,2.5117613227518882
2001-05-13,9.813821274783649,-7.152769403988766,-44.86554042134452,3.3950619484102957
2001-05-14,10.336350606214742,-5.6002308557095954,-45.58857160268474,1.4093467005761235
2001-05-15,11.571238958033105,-6.254861578739496,-46.982007191235546,1.1165718859415197
2001-05-16,10.973803992973524,-8.47954843625024,-46.779775640541935,2.959329846142471
2001-05-17,11.412531628608393,-7.671473561121449,-46.04310376608174,2.7427241972058853
2001-05-18,11.586291545454223,-6.5963614170320115,-45.69583461051385,3.0957792744356722
2001-05-19,11.505646389328911,-6.676710569425619,-43.777544044619844,3.2839445669452005
2001-05-20,12.679422992621582,-7.183275894653688,-43.9446328302483,2.6485651630239624
2001-05-21,11.787793482725444,-8.140570923171802,-45.71805095912425,1.6007168208064284
2001-05-22,10.935322747100162,-7.4912905838361725,-45.18240465918903,1.735013687146565
2001-05-23,11.724738742983094,-7.424907627064961,-48.03282469225922,1.5863692216686776
2001-05-24,11.67321772174004,-7.132300290118815,-46.28097310654791,2.0163359637700005
2001-05-25,12.161906684055024,-6.048567790897721,-46.03770273237777,1.8151439964407625
2001-05-26,12.551215816464317,-6.0775319826949,-45.988636723956255,0.2386898941210025
2001-05-27,13.0176346521056,-5.9873171753539856,-45.419915501780764,0.2868628423995879
2001-05-28,12.74297466745203,-5.607962361859078,-44.42555270396165,1.0750930674967538
2001-05-29,13.22240050525888,-6.450973565724908,-44.963644120918616,0.1803299092890478
2001-05-30,14.332891820828642,-6.788054763100295,-45.96085513642973,1.4944089848108195
2001-05-31,14.84629834088959,-7.407761973353594,-47.1084782313179,3.0495396386456077
2001-06-01,14.986650058287514,-6.846720168993017,-47.890280788003246,3.275730105713616
2001-06-02,15.060608953762149,-6.234887867967112,-46.70665492898115,4.3133814225860405
2001-06-03,16.662079896314808,-6.373770359737639,-47.81849401663831,3.3542797759067366
2001-06-04,18.025984497456076,-5.578268692733439,-48.55772529675307,5.247808040598293
2001-06-05,18.814708399040477,-6.962012772892268,-48.64549467496475,4.998032849872656
2001-06-06,18.845676801948983,-5.800299557779059,-48.220676073096385,5.4965115765750445
2001-06-07,18.87494369264282,-4.806455407932456,-48.82152872970853,4.336243659168843
2001-06-08,17.472573503721076,-4.989675928434881,-48.803798339359304,5.100091930566153
2001-06-09,18.307973921825347,-4.9817383914838045,-49.32543519115157,4.941314815021839
2001-06-10,18.838658445609664,-4.363110195549925,-49.55796167823573,5.238689360331532
2001-06-11,19.393426909233995,-4.289420126930371,-49.97751863049528,5.424136536586311
2001-06-12,21.521240702249262,-5.437914739497031,-49.68877937379883,5.417325815189693
2001-06-13,21.386604234739494,-4.154106081807828,-49.70277821721971,5.21892038663856
2001-06-14,21.401894914265,-4.129482832965783,-51.454027016961156,3.776081963201859
2001-06-15,20.744637538843193,-5.953931932585353,-49.838950168149545,3.3346901838675564
2001-06-16,20.22982891061818,-7.499098076441419,-50.30612883120557,3.853479532811308
2001-06-17,21.188105813094655,-7.688992407337483,-50.89069341823828,5.8928946974190355
2001-06-18,20.15733929462132,-8.44934736056563,-50.013898300550416,5.2312843203534385
2001-06-19,21.56892873148933,-5.975900552760002,-51.036764254308935,4.86097149376006
2001-06-20,20.85228724272443,-6.233418356859405,-50.957950331003495,4.450511097184397
2001-06-21,19.821072257203486,-6.08597317133256,-52.46474013387905,4.768205280383395
2001-06-22,20.86299777161147,-4.04826803796301,-51.60926744915881,4.740080828326039
2001-06-23,19.25357406941508,-4.637922665695531,-52.293214475170366,3.5290264127850293
2001-06-24,18.351722678999028,-5.420874233350817,-53.353896825150436,4.040297681343417
2001-06-25,18.683893935833066,-4.7658731403213865,-52.70069328229405,2.557219665426401
2001-06-26,19.454577594506496,-4.538924283811053,-52.728293604861285,1.5034357860235805
2001-06-27,18.45564176690716,-4.781544750361412,-54.646555152840946,1.6529418570155263
2001-06-28,19.006961145222245,-4.6358958459507,-53.072297056085716,1.6217936296871176
2001-06-29,19.008552282912845,-3.668808983332044,-53.78715753131243,0.8687836963550901
2001-06-30,19.360157290412378,-4.497720830196052,-55.344228547273865,1.103528672780399
2001-07-01,19.712607888826835,-3.120952461033716,-54.837783907949145,0.5597466257398287
2001-07-02,20.60779613332772,-3.885396102431904,-54.36585483666994,0.2688403435872147
2001-07-03,20.998094452907935,-2.8342130421147624,-52.48720653633758,0.7880351094971509
2001-07-04,22.758441118218308,-1.6127385448944356,-52.120310735333696,-0.5886383125701844
2001-07-05,22.226391885989386,-2.032593312454828,-51.91994254636924,0.512579895099714
2001-07-06,22.60496331573405,-2.661395557392119,-53.23915595869169,1.7306981953990799
2001-07-07,23.880884713875275,-2.012915720508261,-53.04750226945362,3.8608226987440917
2001-07-08,24.628623822912452,-1.8108641700292167,-52.1625347633549,2.37398101293126
2001-07-09,24.96928855117034,-2.878706970166781,-53.35943814566258,2.0389133790394323
2001-07-10,22.843894462896074,-2.827511168560217,-53.34042236790255,1.0883801645722389
2001-07-11,23.49286553972403,-2.9208090861070852,-53.30271860959974,1.3997191931279198
2001-07-12,23.706149692972097,-4.0288053635358825,-52.814237621276774,1.4490945256051448
2001-07-13,23.152210606708163,-4.43355181901934,-53.74859300946315,1.0441753998333727
2001-07-14,23.591340041873334,-4.586705199220731,-54.33786553307252,0.540906818875073
2001-07-15,22.162704010975133,-4.894644555858099,-53.57722635156501,1.0775736655845227
2001-07-16,23.115992925547026,-4.809700821669463,-53.518264418317116,0.5422999558618923
2001-07-17,23.31028715793149,-6.022654747952917,-55.10550679371111,0.1635570402559126
2001-07-18,24.21221829456663,-6.812403180526156,-54.69396238668767,0.19395067326339244
2001-07-19,23.998493561179448,-6.046185738978106,-53.75945125705065,0.5492508315111743
2001-07-20,22.867912021275572,-5.2562893472033805,-54.12852582227149,1.1252641739793485
2001-07-21,21.80848815781728,-4.076488566076036,-54.507323493631645,-1.210759209810562
2001-07-22,20.93772778405454,-4.384556103143172,-56.313114892560236,-2.4196450549597195
2001-07-23,22.689065927835006,-4.781992456921549,-54.865884168928815,-1.2458026476877717
2001-07-24,23.96220521872454,-4.780800226279049,-53.02305166354017,-1.6083545565404604
2001-07-25,23.778006751186265,-3.720017596371635,-51.11151167819341,-2.855552557495793
2001-07-26,23.88297561675795,-3.5419503780938926,-50.243899457608194,-1.2424261766689897
2001-07-27,23.388866804998102,-3.792780067422616,-51.56715989039637,-0.931798989527964
2001-07-28,23.71779700438955,-3.460439530710479,-50.7793367720286,-0.6846969665486711
2001-07-29,23.75794725246487,-2.620477687843562,-50.519859409472076,0.018425957310598484
2001-07-30,23.0997693453822,-4.641643066981915,-49.57641597761161,-0.17546333115263507
2001-07-31,20.94501997655267,-5.035145186906239,-49.47770876374453,-0.457970673498227
2001-08-01,20.61822430437671,-4.837737817999456,-48.98740030424086,-1.4435408811631092
2001-08-02,19.779192111771003,-3.4614962381232415,-49.402108363941544,-1.2344012071169626
2001-08-03,19.934924034233628,-4.967527978747247,-49.51502852697496,-2.1111061504344533
2001-08-04,18.30169043661534,-4.103429362597096,-49.508834135602726,-2.8251215040621807
2001-08-05,18.870566422803385,-4.606525659131548,-49.504053110614215,-2.390662860250136
2001-08-06,18.33605783703911,-4.11101788958328,-51.61077176200962,-2.146704057284004
2001-08-07,17.25233939701209,-4.9027307032387455,-52.818017545447795,-0.7994672463587622
2001-08-08,17.242343940560108,-7.445104754570201,-51.059861634182646,-0.4929202642850794
2001-08-09,18.87572601754391,-6.714434254303076,-48.9251298279537,1.5314758939151725
2001-08-10,19.513642010818142,-6.856937273189047,-50.05926163852268,0.6769334969293244
2001-08-11,17.810850773774195,-8.43082471829456,-48.30247453688733,0.8427158357995628
2001-08-12,18.581808782387004,-9.971953338684564,-46.58042022231813,-0.46470170473354777
2001-08-13,18.659973704302956,-8.504377604314733,-47.23773957794057,2.1716685120775407
2001-08-14,17.739031126560725,-8.686318340223455,-47.404573734431345,2.009716008702835
2001-08-15,18.97081086608506,-10.478702395549963,-46.44966593142514,4.298081862265091
2001-08-16,18.281133066036002,-11.813008353190202,-44.43561366772695,5.237709180453431
2001-08-17,17.899197679570126,-11.311021612542719,-46.16611043530174,5.902756323284405
2001-08-18,17.059282416698153,-9.440814667238035,-44.27867579738874,7.34552179056213
2001-08-19,17.148560076509444,-8.499139143270124,-45.06727869330132,6.221593411292293
2001-08-20,15.83207927767777,-7.075335200861614,-43.3699263158013,6.017180321654972
2001-08-21,15.633402343263045,-6.663450653733549,-43.474141029967164,5.18573286942774
2001-08-22,17.919141172477623,-5.754269429057271,-42.97401411215144,5.129290836826974
2001-08-23,17.776636546091147,-5.113209902215157,-45.408300627767225,5.038154624600704
2001-08-24,17.138567887055565,-5.028688143655958,-46.0596122842139,7.002057514361368
2001-08-25,16.911360145389672,-5.202780982755284,-44.46246806118658,7.912892394895457
2001-08-26,18.057198959689337,-6.600474284448625,-45.412151698477935,8.216180935659526
2001-08-27,18.673305125710645,-5.895232782673166,-45.93749872331105,7.973522687421767
2001-08-28,18.638681663604654,-4.733786358479928,-46.44928263891102,7.398686172678155
2001-08-29,19.74653159097589,-4.208213338397814,-46.82213564269014,6.1902577132659315
2001-08-30,20.11406377658161,-2.9577624619078486,-47.291438407194526,7.182804213468952
2001-08-31,21.13177911879448,-3.4477120126445664,-48.50837658467279,7.780096912394011
2001-09-01,21.98452950976835,-4.3337541286553956,-48.599118166810875,9.530121717644738
2001-09-02,22.254595283787996,-5.273190974676041,-48.906691828125695,9.426968734314197
2001-09-03,19.686877848895353,-4.050549874943102,-50.1170148594411,8.791644617645558
2001-09-04,20.289419043157658,-3.357730019381549,-51.04147357419806,8.82824433909389
2001-09-05,19.290225019677063,-3.751044868084083,-48.61599715061101,9.96485941144053
2001-09-06,18.504267865887964,-3.139151504353927,-47.58392568423715,9.740431643140935
2001-09-07,18.416794102787662,-3.1721865998108303,-47.35635350304463,9.76367022190481
2001-09-08,16.938098805192155,-2.717342809991336,-47.53794349472445,11.385134388073302
2001-09-09,18.267282757958977,-2.7061069389296035,-48.16806065959271,11.296193587205417
2001-09-10,18.30952650800924,-4.832265270104216,-47.12371834945654,11.218704349427593
2001-09-11,17.859605211870566,-3.448218516323256,-47.5820786441666,11.187025868867208
2001-09-12,17.025192339760785,-2.0705145224462647,-46.316742728826505,11.52231214469194
2001-09-13,16.107643286672406,-2.6101347661092547,-47.35954736824506,10.831891721471198
2001-09-14,15.582032181236563,-2.464562585083655,-47.24007171669297,10.941670933268014
2001-09-15,15.932446730307399,-1.1756508254161306,-47.88209882887838,9.984792648677074
2001-09-16,16.862455832040187,-0.15086174100064165,-49.27855223147301,8.92336154678271
2001-09-17,16.624398947328984,-0.07796482237508838,-49.48805652284531,9.453409669434846
2001-09-18,16.661983940374107,-0.5719098001765562,-49.185253836446236,7.742867998328542
2001-09-19,15.719669078939921,0.5981671161760919,-48.37239716080825,6.3329644883515055
2001-09-20,15.267341953168508,1.736741687193081,-47.513833984821346,6.775794822992145
2001-09-21,13.325118531198244,2.5360870646510474,-48.668708551197184,5.959386580496853
2001-09-22,14.275329132104439,2.7769226393757864,-49.60986724500809,6.272662462785562
2001-09-23,14.681619537293523,3.608370203470164,-48.57946720998674,5.348311595432479
2001-09-24,16.215610534706926,4.708964510264317,-49.56035511219895,5.827625846791608
2001-09-25,16.680941490532362,5.072703360806558,-51.0324022501335,6.214802728302942
2001-09-26,18.058836438758092,5.150131820865284,-51.31126663231848,8.559415176351056
2001-09-27,18.03814471408826,5.591330046083384,-51.59161932869356,7.8284082340673375
2001-09-28,17.89701787998054,5.46110100984022,-52.076571155813696,9.252729623093524
2001-09-29,17.85317619702943,5.303729054222558,-50.973083997997975,9.093468545236709
2001-09-30,18.891988549259004,5.385739797144678,-50.85631074025883,9.245913763606596
2001-10-01,18.866858612311976,5.536747653125039,-50.706312832314325,6.9802325321145275
2001-10-02,18.689685953504124,6.686741938247461,-49.98379187369456,7.344903012375163
2001-10-03,19.663938585168502,4.668318626162799,-51.15220826896641,6.250817792145415
2001-10-04,19.003661496444064,2.460986511363523,-49.843339033074365,6.784284228185639
2001-10-05,18.073367784830236,4.546070156875462,-49.40456854521287,6.2840619477694
2001-10-06,17.377144725410844,3.8950921329060293,-48.23483543124738,4.20210602438446
2001-10-07,17.175752754374997,3.842531868681625,-48.98455314070079,4.6930598197594735
2001-10-08,18.726645357546097,1.9033299517785225,-48.70797561445668,5.5610392194971245
2001-10-09,18.799174704397313,0.9604010290752932,-48.62549527490262,7.074679972439993
2001-10-10,19.936120754142387,0.3828716324797349,-50.41309309015368,8.602178510195133
2001-10-11,18.945773151483454,-0.35840113722916056,-50.74791158679776,8.670732969920598
2001-10-12,17.90508567054177,1.0482492966330548,-51.440419393416846,9.988818263458295
2001-10-13,19.00535097998535,-0.6329115253662927,-50.47798766842398,10.076620142640527
2001-10-14,19.094626850614294,-2.133491246345101,-49.74406155337729,11.049341076905039
2001-10-15,20.590605373009982,-2.8756442267846873,-50.04087100170243,11.047941954749684
2001-10-16,20.026066398381815,-1.807230919072112,-49.29395650836592,12.470499812424427
2001-10-17,18.7223292055303,-1.3607720547199658,-49.07877971635279,12.135761430837238
2001-10-18,18.665272611355363,0.3553359759320367,-47.65702283587743,12.769014677625991
2001-10-19,18.567546591057592,0.8437544943293287,-47.276244470258554,12.590986833083353
2001-10-20,18.68891389109035,0.9746788002087652,-48.584861514500936,12.611875752299332
2001-10-21,18.209489913259937,0.35771709136698504,-48.039084233979935,12.621590462486296
2001-10-22,17.323562332706114,0.8905856049117001,-47.12994674628552,13.13604977696366
2001-10-23,15.629755614881077,0.9026142013764697,-47.78989480162407,12.740977959196846
2001-10-24,16.983789241008733,-0.5615368399345211,-46.909516817237495,11.08199285200863
2001-10-25,16.17136822091092,0.6934253082580657,-46.736614234344664,10.400388015137402
2001-10-26,14.953610463388795,-0.31474871038354024,-46.468631211893204,9.209570869044304
2001-10-27,15.467072144810018,0.12572167390156408,-47.56844095542643,10.22660595963604
2001-10-28,15.328233881103971,-0.9774910735350799,-46.363931487436936,10.579904541754061
2001-10-29,14.72608564526643,-0.3931551700354211,-44.50812593925947,10.669077210601412
2001-10-30,15.35858995657849,1.0293387366510105,-44.95589198634342,11.090985432813287
2001-10-31,15.16015576098391,1.3845569985660233,-44.41186616409883,10.426360281087332
2001-11-01,15.04833356702729,1.6920599776947165,-45.36330320716731,9.74688629236934
2001-11-02,15.371914978589256,2.0758259391830163,-46.12292962652182,9.718631563962788
2001-11-03,17.601025000430994,0.5494000663054828,-45.58152177838117,10.467601501352615
2001-11-04,16.78112527703218,2.0666041012993484,-44.136077845938125,11.271755208388042
2001-11-05,15.452291301136441,2.733028794749727,-45.08589921055779,11.07033259369206
2001-11-06,15.715535518474342,2.7990736949520056,-45.26897123631215,9.852404005196522
2001-11-07,15.166329879982143,3.1835612318529547,-45.24991205066876,8.314254100482769
2001-11-08,15.628430319132814,3.021537613986494,-45.808026203582806,8.85503350949645
2001-11-09,15.821855025747215,3.2582510772912343,-43.462672888215515,8.426217533159566
2001-11-10,16.678543645931423,2.2411389597507396,-45.006602351004155,7.984969523424682
2001-11-11,16.860356136923073,2.3770710116578875,-44.337636266790895,7.89043235605765
2001-11-12,16.095693426135508,3.9505304082442443,-44.31217241652872,8.885274486774112
2001-11-13,15.741437383250288,3.858707373759675,-43.808792506709864,7.5039707099920685
2001-11-14,16.75168815341199,3.1609342090532078,-43.73309431306428,8.007798985527057
2001-11-15,16.38705029367258,3.534022016332119,-42.92219819778567,6.843366919310092
2001-11-16,14.752352877922199,2.5936997423137935,-45.13928217275568,6.150776910396725
2001-11-17,15.724328678267485,2.8264136055933733,-45.70249132315444,7.590703591758783
2001-11-18,14.61624919727504,3.888207960899466,-44.729074045662536,9.106160956839997
2001-11-19,15.132439942703789,1.9983112264154546,-45.239262710752136,9.275975410984389
2001-11-20,15.662735715187885,2.1084173639831003,-46.316017716927774,9.023998277042363
2001-11-21,14.065563672455438,1.8436809011536468,-47.53934214559744,8.908165744290185
2001-11-22,14.383030974788806,1.3082186403389642,-47.56942662563949,8.213777478648122
2001-11-23,13.524724367478896,1.7072796003805941,-46.89712782429229,10.569546079375165
2001-11-24,14.623640768345254,1.9957657566730411,-48.60430082010882,10.41799190311272
2001-11-25,14.953912315824429,2.1927487175019618,-48.1306845593926,9.844552609233165
2001-11-26,15.343147456427404,2.0481401609557164,-49.5470504326128,9.14756282674116
2001-11-27,15.064883600471672,1.8731219798063543,-49.08264850354558,8.651353227687023
2001-11-28,15.260904958237811,2.190638005821817,-49.441483250574095,8.991031273015007
2001-11-29,17.275097122067628,2.2566910867845706,-50.87003941095428,8.828789231758485
2001-11-30,16.07054892735934,2.198247544020453,-54.83546907104286,8.349200521744365
2001-12-01,15.710348504682276,2.6119172578390226,-56.70501192373775,8.33448409609117
2001-12-02,15.493648306865758,4.027019092232692,-57.58339842091511,9.865674632689672
2001-12-03,13.056066725993302,4.654844233553999,-57.39628491300176,9.886981580689817
2001-12-04,12.375765254796802,4.9046183588029555,-58.396798108775165,9.511876366290304
2001-12-05,11.950392368377104,6.163307653411093,-58.77772448452851,8.521257832875536
2001-12-06,11.834142337568641,5.556070190974967,-57.86380454441741,7.9278287300567625
2001-12-07,11.893062904486337,6.07985447699188,-57.44924954568496,6.362877728740827
2001-12-08,13.052127173317437,8.864938304615748,-57.08303718907549,6.559929233368094
2001-12-09,14.100424690016187,10.08333431709462,-58.458367247181556,6.19916918414065
2001-12-10,13.594942267008028,9.516897983403602,-57.787589074405275,9.181293864649062
2001-12-11,12.475775393521852,8.425957426796995,-57.199736512376404,11.392888060766154
2001-12-12,12.55194318566083,7.286980742148005,-56.27623014032814,12.747882929182005
2001-12-13,11.890102618841619,6.11188298332413,-55.25858375302987,12.20788814252925
2001-12-14,11.964626270547267,4.583552523185233,-55.31894966006472,12.627221968648433
2001-12-15,11.899955964681368,3.6903608184834407,-56.07536469737352,13.383791001135352
2001-12-16,9.843752369302967,2.5480666311870603,-58.790763422805966,14.224580145353558
2001-12-17,10.166486375629205,3.5098701680224416,-59.204321212991125,14.662698246717342
2001-12-18,10.118099592248674,2.8269406590525197,-58.10408459437757,13.90186759635543
2001-12-19,11.577204161391585,2.5376097058247966,-58.19785699619731,12.226397133270424
2001-12-20,13.204834168897454,2.0523527975477847,-58.17684172807888,11.463467111775742
2001-12-21,13.733194956908207,3.140249277480773,-58.28895941789807,12.164451858277562
2001-12-22,15.37679859001954,5.544305267531756,-58.68904283307433,11.773370024629829
2001-12-23,15.605205461525202,4.8343800847704035,-59.47952133111218,12.728404217389377
2001-12-24,15.725047033925593,4.0547850616805725,-58.938338590992814,12.979562398574014
2001-12-25,15.577971457281679,4.158324303027065,-58.781908796763645,12.881607796918994
2001-12-26,15.975161183858276,2.386271622859474,-57.502524216359575,14.643414369309967
2001-12-27,15.215176756987113,2.3745108887837305,-58.3272229522078,14.341318777598692
2001-12-28,17.178233685054995,1.6041466164134746,-60.05515275978967,12.839192272143235
2001-12-29,17.021412968689862,3.8115584704530465,-60.16641578709583,13.003660940866812
2001-12-30,16.915160543096214,3.690248116225984,-59.98914708030535,11.391511493178307
2001-12-31,15.689377054846954,4.420205507861632,-60.83110111985566,11.797037554262463
2002-01-01,16.859756775339907,5.1549320434056485,-60.18727852023825,10.68923681840849
2002-01-02,16.64332123816694,6.125486928072916,-60.03375579397381,11.603021090176782
2002-01-03,18.28063280579049,5.757110480935755,-60.99273591232637,9.376387310077227
2002-01-04,15.68552681574235,5.426195832968107,-62.10712396574609,7.725668298437029
2002-01-05,13.895633628424143,4.693267146309654,-63.84313567638442,8.350768710595272
2002-01-06,11.811757789085174,4.700780884777457,-64.33298732193148,8.72739968826611
2002-01-07,12.001357524577024,4.489224736662002,-64.80593482966813,8.123352560029613
2002-01-08,12.592844503161913,5.920312208812509,-66.28706549453604,9.034587449208317
2002-01-09,14.118253207591444,6.8972025687625536,-65.239681429766,9.115662641756263
2002-01-10,13.877095632678659,8.033757066968446,-66.87273817823731,8.354356005181751
2002-01-11,13.924075336826228,7.388471030135073,-65.93106890343478,7.249162615223973
2002-01-12,14.102590589741949,5.038459649249091,-65.99595101254934,8.187406056411074
2002-01-13,12.260040202660914,5.580356312668083,-66.28215902118953,8.156325391810809
2002-01-14,11.109428240464455,4.961105000794663,-65.35073988066893,9.866473407148517
2002-01-15,10.434277719420745,3.6772874575309107,-63.79527178351813,8.860195003863042
2002-01-16,9.982271009198495,2.856131376695644,-65.20184555787449,10.834606123372447
2002-01-17,9.860864462996238,0.9556694294094685,-64.31563254871367,10.53011324578258
2002-01-18,10.368550712990269,0.9162681761095611,-62.72661993367287,11.192573533752391
2002-01-19,10.051566253724172,0.6486250111598655,-62.45267464634865,11.629333415763433
2002-01-20,10.205499754371338,-0.016020659608699472,-62.19677804003379,10.821035088194051
2002-01-21,8.26679661528529,1.5648507278264518,-61.22777394032951,12.095871378069779
2002-01-22,7.724816473152878,2.256052856924943,-61.86650905252201,12.247678681144007
2002-01-23,7.990564266960478,0.8614969495538984,-61.90244583444573,12.167722927263734
2002-01-24,8.379269427530408,0.7757648295495685,-63.285463525997706,13.28745654226434
2002-01-25,8.75370558377975,0.8278917730335349,-65.22221334947155,12.834955445486447
2002-01-26,9.896335929125822,0.02117586093166479,-65.67020506084215,12.79811996852984
2002-01-27,9.984393417279897,-1.2786576782047319,-66.71545447799834,13.56489967536813
2002-01-28,8.34898784804448,-1.5692561351690137,-66.47060804777247,13.98075927836142
2002-01-29,8.738820476609908,-0.704645196851206,-66.08172718445776,13.748741031134248
2002-01-30,8.67407487237132,-1.6510685270825831,-65.00551725455237,15.017672755774145
2002-01-31,8.408565957326658,-2.2907680524052734,-64.31612833632143,14.568987021447493
2002-02-01,6.588108777217617,-2.796007939059674,-64.61754534909512,14.17267309337729
2002-02-02,7.5065908834650426,-1.8482135840086327,-64.20503522959021,16.089153371874552
2002-02-03,6.3444626080562765,-3.7197394429799915,-62.08345348534738,15.80171872048091
2002-02-04,6.1707746358380735,-4.314435318709936,-61.32038839977456,16.172152756022175
2002-02-05,5.569839539049648,-2.872076957780599,-62.56421839966219,16.490364536814756
2002-02-06,7.670648827874418,-2.1699948991677243,-63.711267333036844,13.613248876060903
2002-02-07,6.224081368328349,-2.9060850729281125,-64.17355761511118,12.502670057796697
2002-02-08,5.967159097559634,-3.4732373217026926,-63.376833280341486,12.294905511537758
2002-02-09,4.720288088464567,-3.002519710797167,-63.16701345604585,12.54575724075313
2002-02-10,6.014319426901595,-3.5091421400381972,-61.86448444306619,11.364466267000129
2002-02-11,5.74249431460839,-3.6812077135557657,-62.27027384141728,11.883599673785817
2002-02-12,6.168840059775782,-4.462741855774345,-61.728484411672525,11.666589558975497
2002-02-13,4.773691900305782,-2.8196336824038086,-63.048677072758466,12.190622937646696
2002-02-14,5.042016089060887,-1.393598858840534,-63.458931981213375,12.191358637424461
2002-02-15,2.9620568600724226,-1.755115314830837,-64.49014251148895,11.127470576700073
2002-02-16,3.89024213588345,-2.7892520431631036,-65.41112881980897,11.658469758267065
2002-02-17,4.414175609705273,-0.7820192662346965,-66.86852617292884,10.327038834696543
2002-02-18,3.1970349289933235,-1.402785646038068,-68.70528762870134,10.977606353999628
2002-02-19,3.065998928901213,-1.204311234229652,-69.22933973178652,10.802856990932177
2002-02-20,3.5652303745067773,-2.1545045389155306,-67.41787919531953,11.90912663656637
2002-02-21,3.682272250263856,-2.6097768459969553,-66.05581529361756,12.515152011700343
2002-02-22,3.3203694892032196,-1.6919146658130153,-65.55997775823307,10.38443320790721
2002-02-23,2.4633833798881515,-2.099146752124324,-65.54794904786753,8.679870915448134
2002-02-24,3.7185425834172,-0.8983103614610297,-64.96829985811321,8.47176542922231
2002-02-25,4.75393761217831,-1.4676390297271897,-65.36425715025447,8.996589290358443
2002-02-26,4.204837114849921,-2.75487653443004,-67.02198493358061,8.397519961442136
2002-02-27,4.035887459440802,-3.2022440025838055,-65.46662985341194,10.539878109565404
2002-02-28,4.259513090013413,-3.124769146936794,-65.71211375350613,11.566334445386081
2002-03-01,5.2331916253381126,-4.102770210287673,-64.50087621293625,11.620560600617095
2002-03-02,7.021020737763361,-3.995855976370762,-63.57492054918775,11.006151571072785
2002-03-03,5.912483242228187,-3.522308386608697,-64.07978941334204,10.558168290572786
2002-03-04,4.831902113324971,-4.52141036104202,-64.83358156426866,11.11211625682482
2002-03-05,4.118333655533883,-5.327281718633975,-65.27204626990452,12.060514232154897
2002-03-06,3.1188705181989387,-4.084701599898921,-66.451653411011,10.593630612262432
2002-03-07,2.9101239226259628,-3.093293759963573,-66.99626898328339,10.020517621305777
2002-03-08,3.989318646836361,-1.9930787013146727,-66.04972342092321,10.592121102652339
2002-03-09,5.044525656299884,-0.6302270724541328,-66.76718050603404,9.633790643834375
2002-03-10,3.8388290149184847,-0.3280262371648876,-64.70909375908263,8.840926566895234
2002-03-11,3.603257497984034,0.9937463790165983,-66.27071963646875,10.604169982313165
2002-03-12,4.674184649929706,0.38873210182571627,-65.97568595163416,9.422702070527894
2002-03-13,5.796072160228299,1.2656699028271952,-67.49336834253579,8.991489164267382
2002-03-14,6.41031682056594,1.2349820508769247,-67.83810581936332,9.081316485738453
2002-03-15,6.658838643233825,1.8254691945323391,-68.9395429493255,8.551571239079301
2002-03-16,8.381754083320624,2.990239679633274,-67.34992088348373,8.608008751932076
2002-03-17,8.414801088691227,3.8488225192914607,-68.08979243821274,7.010358900701412
2002-03-18,8.294645700621325,4.352221048319447,-68.9347692014906,7.608369582402474
2002-03-19,6.862948869861794,4.438156819648687,-68.05997504941422,8.155868724162955
2002-03-20,6.215687007869072,3.3978335893734517,-67.83206722350864,8.499797472433643
2002-03-21,6.4572251134325915,2.025294383207955,-68.66772346184013,7.465882815803344
2002-03-22,7.6883922625955545,0.5485403610877333,-70.2806982270453,8.596101751086286
2002-03-23,8.251894356476637,1.1161043960776533,-70.3739126297059,7.288925608194337
2002-03-24,7.992245304129934,1.604218471832624,-70.38933448622531,8.324160457400836
2002-03-25,7.279864240784337,1.9501592205119365,-68.85248166416325,9.518312416461962
2002-03-26,7.775703123078631,2.9453836002057696,-70.10623838800157,8.768009296251659
2002-03-27,7.991603082239342,3.1078165289342246,-71.65467865558973,7.884922069997094
2002-03-28,7.653435928594024,4.013117391268683,-71.87905527104841,6.561199299264971
2002-03-29,7.587953209838604,4.94819813481535,-72.11287408876713,7.330292205858065
2002-03-30,7.372476362370563,6.3130408607802,-72.75854718954864,7.256511031481794
2002-03-31,6.782795951700218,7.948541707010746,-71.4496170299572,6.4273596007301075
2002-04-01,6.410046634583523,9.486196517906484,-70.63914784040975,7.0361948951178155
2002-04-02,6.622832848889741,9.472653311300883,-71.62978227499224,9.260257834488877
2002-04-03,5.903556870290045,10.064734951955714,-69.6948149506621,8.279885235421087
2002-04-04,5.74541873311341,9.72883781276678,-69.50966154562175,9.043188036855323
2002-04-05,5.6199263610069785,9.556706938103966,-69.01094411192838,9.498466318211166
2002-04-06,4.2524068692044885,9.509939123144939,-70.33064867164127,8.608334984227875
2002-04-07,4.004007763560442,10.383436282946022,-71.37851902677286,9.136261219933388
2002-04-08,4.222049277306335,11.583549603425705,-72.11761867552997,8.22717073235488
2002-04-09,4.098946542061318,12.203108168427471,-73.83009012299924,7.747870156673451
2002-04-10,3.327734970047445,11.31663940973041,-74.15434134660659,6.142415767630015
2002-04-11,4.430473076764164,11.764810355758492,-72.97608568428603,5.765328410683497
2002-04-12,5.275003838510761,11.62804960419086,-75.1614168097332,5.576188065756838
2002-04-13,5.875218685120672,11.31500050935757,-73.08455603360211,4.827926234136476
2002-04-14,6.770647521868101,11.661481758122433,-73.94777911691916,5.329808708518957
2002-04-15,6.640544292481935,12.290001290124607,-73.62390427353877,4.808553459402102
2002-04-16,6.873871904128782,14.287117313800247,-73.37426159185105,4.43849983805643
2002-04-17,7.978761937911493,12.313408143418924,-72.79425035009994,5.500007265905072
2002-04-18,9.865197925737442,12.268306530659823,-71.79535366506576,5.21924345708286
2002-04-19,8.853370708057941,14.892463366549634,-70.49692629378379,4.680275505128624
2002-04-20,9.150607308202705,14.406154098981347,-70.15743239703292,4.65584278385836
2002-04-21,9.27906157206079,16.1832936276344,-70.43162764334387,6.050383458714164
2002-04-22,8.815208774715812,16.0099947521193,-70.42318489755746,6.869721314703657
2002-04-23,8.855330239765356,15.110302207162006,-70.33627011802936,4.708111946344227
2002-04-24,9.562140870172339,16.530050886176973,-71.57584029074943,6.213977194183331
2002-04-25,9.232799176526386,15.46636584870413,-70.74343639267528,5.399638519787213
2002-04-26,9.469152168514112,14.399139413760361,-72.89811424747609,6.673555292020376
2002-04-27,9.340150690634117,13.619689105219123,-72.9604882951461,6.508635428988681
2002-04-28,8.922346546377742,12.748185268905083,-72.32875780387575,7.032270224563918
2002-04-29,10.118398498719943,11.460002147862236,-73.22213045703144,7.977745162988159
2002-04-30,11.089638645584968,11.457570177012084,-74.46924576282844,7.588070924901551
2002-05-01,12.040196962774036,11.094465621995111,-72.74846395582753,7.4976032421653285
2002-05-02,12.24264396427872,12.372055048624679,-72.24414319360366,7.6678326785063495
2002-05-03,11.205603540238315,12.904827191907644,-72.64015119573463,9.766316689641314
2002-05-04,11.206985899322753,10.736913466805092,-73.6587801783282,11.1013449874961
2002-05-05,11.682807686886141,10.477231065865443,-75.17452357486079,11.018787946786578
2002-05-06,12.750815273102768,9.27851161428643,-75.1141800590754,11.564803232727428
2002-05-07,12.245528137020132,8.40746576706286,-75.65683538799266,12.073891354075165
2002-05-08,13.249945383130365,9.256592675137947,-75.00964406416128,12.588579625073363
2002-05-09,12.408679024046851,10.667714031059791,-74.84728496482592,14.426239053995632
2002-05-10,11.852541216386358,11.13965091574107,-74.41751954783722,15.342744460904138
2002-05-11,12.110869495205248,10.041488238522815,-73.34407725228668,16.18258870450841
2002-05-12,12.499657373598007,8.9115283504303,-74.78922024848147,18.62536913193162
2002-05-13,15.204458302130902,9.446246392371371,-76.08700867213129,19.641591786127943
2002-05-14,16.104391290149504,11.02790204409655,-76.4907716685264,17.77973453715095
2002-05-15,17.152980026737943,10.645908378809107,-77.55857143164506,18.895168787746886
2002-05-16,17.802043561231987,9.703203960837167,-78.92379985908669,18.227766293322993
2002-05-17,18.614248493749034,9.942396500950561,-79.44134327845404,18.279403909042497
2002-05-18,21.2291975896874,8.061969292358075,-80.38222519864935,19.261921733137882
2002-05-19,19.834737996075074,8.990291486929111,-78.77491894816293,19.709736501552175
2002-05-20,19.6789415259968,8.297703649072606,-77.05479415025194,21.683214423211314
2002-05-21,19.63646443637533,8.009196999486353,-77.37997186137306,22.083624771690683
2002-05-22,19.385767882429914,7.082508943585452,-79.05052785197788,23.164420255292125
2002-05-23,17.911168626868882,7.741289283649551,-77.77628483704423,24.143525918290123
2002-05-24,19.294618376640486,8.290595593585742,-76.75002256192099,23.60387781223259
2002-05-25,17.819642045370415,8.266321385757687,-75.32399107848379,21.53594255433433
2002-05-26,17.572887242100233,8.13385483195007,-75.68599065541613,21.837796703026104
2002-05-27,17.55882550047044,9.434826433312232,-76.83542848573968,23.451049352604542
2002-05-28,18.005510775469745,8.996561602399472,-78.08399638860216,23.979541013952854
2002-05-29,18.172153948453904,7.228285469610961,-76.61143396957101,24.09387691042639
2002-05-30,20.110653696276962,6.625700132106462,-75.3019058380084,25.00299390862528
2002-05-31,20.542044851521013,5.993593376624707,-74.59737187869486,25.101709317278143
2002-06-01,19.816998459588817,5.670160052939196,-75.48953127561005,25.045744302864794
2002-06-02,19.246691580604086,5.565348924364754,-76.28221712347437,25.147640692920483
2002-06-03,19.185448891975824,5.484323499199872,-77.38908495887931,26.324506558908215
2002-06-04,20.316147425097135,5.123763326965094,-77.25297355908289,24.86670276151199
2002-06-05,19.883605702862184,4.0748030062829,-77.33997516621368,26.22446876423085
2002-06-06,18.500571141876602,6.0843853113449455,-78.10383796137064,25.73694732960217
2002-06-07,18.028677066173014,8.67204480722648,-78.86350396706587,24.81631351525815
2002-06-08,18.89145358470868,10.288408290291882,-79.52502625231784,25.8499268020462
2002-06-09,18.223437334767112,9.722241530611738,-78.84689385605647,25.17278822410453
2002-06-10,18.008678566028244,8.373539859232713,-79.24940642554786,26.612309759591177
2002-06-11,17.443431482849157,6.607202844095559,-79.77031384793263,27.530638562580208
2002-06-12,16.551290013865767,5.861404434790581,-78.85797939101357,27.76912896343323
2002-06-13,16.60817229854784,5.298725535241379,-79.67032385367295,27.967345818354286
2002-06-14,16.894515674376457,4.263141444264514,-78.7771006931385,26.368157983438458
2002-06-15,15.781877935525134,5.5264548203619706,-78.64465090964576,26.750393374600403
2002-06-16,17.538828282235677,5.489326225427044,-77.9165202426384,25.344358558514912
2002-06-17,19.138356383976124,5.440123839115403,-76.66080973054866,25.16321621988109
2002-06-18,17.807347240458625,5.620510283235259,-77.3242513421099,24.359640295474794
2002-06-19,16.772502734230216,5.452466868356555,-76.1289500831756,24.72852785248603
2002-06-20,16.059739872720925,5.031293029903,-76.39574512961877,24.803910627570563
2002-06-21,14.716217280988614,5.086891847482958,-77.4265037780801,26.411672035123075
2002-06-22,14.855503401668024,4.214746849005309,-77.81898173837868,26.504765115556463
2002-06-23,14.329394575169516,2.4961535610007086,-76.12622051905734,28.31589339485225
2002-06-24,14.181925777500538,1.7464619342467649,-75.21559757632691,28.705969773445716
2002-06-25,14.47202795975359,1.2611383871236974,-74.89600593674697,28.872809521005774
2002-06-26,15.307060762486858,-0.04484043228760992,-72.34302152055422,29.222227863953197
2002-06-27,14.506864839919546,0.00045623951965342857,-72.24780046014496,27.036888466522576
2002-06-28,14.763702942280792,1.2009691312098316,-70.56756357685771,26.40339183099406
2002-06-29,15.31770966837352,2.1623459987534464,-70.95620249807887,26.982656524387814
2002-06-30,15.29982203915933,2.295241169380967,-69.65259365933994,25.536883718053197
2002-07-01,13.810921390745783,3.3880727816231744,-70.50423424053113,25.270201954489576
2002-07-02,14.409004963348753,2.9614461929002136,-70.38868682610145,26.669300581367082
2002-07-03,14.214675843927317,2.8085047931648948,-71.1145004012942,27.694374276156264
2002-07-04,13.434399422187447,2.502738174854812,-70.60091553415695,28.845208923804115
2002-07-05,13.356798202825498,2.5009297690401153,-71.50861651613099,28.678968158448203
2002-07-06,14.14961552625502,-0.4105605332163491,-71.40060672493259,30.23515630225298
2002-07-07,16.38033277602316,-0.028354306920630457,-71.98184486039108,29.706510793692434
2002-07-08,16.606203163188987,0.11161363197489221,-72.49561092744099,26.840362446891532
2002-07-09,15.011544186071893,0.03212967221792233,-73.08998590024981,26.710282445936667
2002-07-10,14.09846216573923,1.0420470973345755,-72.98303237929164,25.935212261361063
2002-07-11,14.660615323192722,0.7397153674541654,-72.58767300655491,27.007909329464695
2002-07-12,14.622448002105617,1.960581133251143,-75.22809896852824,26.490792694597992
2002-07-13,16.598725789717296,0.4216119478768907,-75.22968763787381,25.55808040261762
2002-07-14,14.511330767850318,-1.3926743634771328,-72.91829766482074,25.22784788049449
2002-07-15,15.085341907562437,-1.510478696996958,-72.4362000360492,25.98262288427427
2002-07-16,13.961336119287427,-2.8297395323106245,-70.50549088826133,27.06527102413868
2002-07-17,15.006679550553944,-2.050903159272966,-70.24418788991169,27.461107835544745
2002-07-18,15.139871046540557,-0.30487545908343283,-69.12245448520342,27.570730515169487
2002-07-19,14.345344844752134,-0.5815774231229105,-67.98804557231533,25.850292880579737
2002-07-20,15.539634216996847,0.593970951890971,-66.63755121851467,26.950594091290803
2002-07-21,14.56758241797251,0.917572082494422,-67.71929699599812,28.88481673096847
2002-07-22,15.028335159588146,0.03757148566079338,-68.44981910716025,30.025511123961856
2002-07-23,15.393092818999337,1.779360737560831,-68.60339479953682,28.78018420689806
2002-07-24,14.660997877533898,1.4197372786254518,-70.89615813513959,28.296816968868566
2002-07-25,16.020700440792023,0.7785394759222386,-71.01517731586617,28.22681608522346
2002-07-26,15.209867409537779,1.0577486206674904,-70.66224672845652,29.538771954076438
2002-07-27,17.495659616983904,1.2135993219708083,-69.82482419289938,28.280924406215448
2002-07-28,19.919050812140558,1.631210985045818,-68.39227623093149,27.115519004543664
2002-07-29,18.303925847585955,-0.5894302200988317,-68.6821254861238,28.690969348703042
2002-07-30,19.94528596539591,-0.691778627514203,-70.45190225853325,28.6600447954122
2002-07-31,19.27354536646411,-1.3983489289814643,-69.7496909576873,28.062650207271624
2002-08-01,21.415001556480014,-1.7773954099548424,-69.86423169650126,28.182029963259264
2002-08-02,21.743742108593903,-1.7939636676334711,-71.10940860641878,28.67714625911707
2002-08-03,21.56490103081693,-1.5914407351631565,-70.74616685828813,28.864642903630468
2002-08-04,22.561817971806022,-1.7919233006771609,-71.01032678363688,28.754985978049156
2002-08-05,23.03865948789491,-1.8887472729920332,-70.3416354602597,29.83176128755306
2002-08-06,22.52272765943551,-1.296688412904225,-70.88957978154254,30.576067846512856
2002-08-07,23.788014173672355,-1.1631918443851474,-70.97948898370038,31.769780128505108
2002-08-08,25.12443752956659,-0.8044826640533704,-71.51858314419566,32.551331716748365
2002-08-09,24.37371871668043,0.04004994035460985,-69.38815209782084,31.590439684302524
2002-08-10,26.529109713047994,1.2550520391692381,-69.76996010928828,30.42164032569372
2002-08-11,27.00117976320413,3.3745684283086748,-68.87512515848805,30.063468965212518
2002-08-12,25.490902047202095,3.629128742400662,-70.08423946927539,29.59801815258286
2002-08-13,26.363415335132636,2.8054275736620378,-68.13435298598888,27.92665102834627
2002-08-14,25.888714265963454,3.0645249814272733,-67.57960795991939,26.514678117423937
2002-08-15,24.956681042462588,4.826183241942045,-68.13252012940968,27.818110350517504
2002-08-16,24.6387251124461,4.58990921975779,-66.38580575142974,26.652106821268237
2002-08-17,24.529404351029243,5.515999985257085,-65.72271962334835,27.000842965237855
2002-08-18,24.048057903138325,6.04748341427673,-66.14082406060143,26.690382146845543
2002-08-19,23.730955441358358,6.106570191217144,-66.7181037342462,26.132012335335475
2002-08-20,23.566708300038247,5.683426249456478,-65.99539419063522,26.95446284220095
2002-08-21,20.422231308133416,3.896837559420849,-66.44013716039613,26.612102528516065
2002-08-22,21.316552490674095,4.450865116659224,-68.23366698655546,27.89648249552794
2002-08-23,18.320081157077293,3.834381934875838,-68.30406256215217,28.670692931683792
2002-08-24,17.843310702477208,3.828165485551244,-67.57618098161153,27.338765193705623
2002-08-25,16.97266699404134,2.833406539252996,-68.67265251819302,27.701687896411677
2002-08-26,17.244275114629243,1.4478953479522876,-70.24423837971992,28.799230123272068
2002-08-27,16.555380581115354,0.23062689859910712,-71.28609753177922,27.776023232553698
2002-08-28,19.06191097682394,-0.2877309493454794,-70.26195301048492,26.94644338064773
2002-08-29,19.17901373628154,-1.1092614123717084,-69.44292181920257,27.430437208979978
2002-08-30,18.63064597575407,0.0521341420271344,-68.72183603238511,26.613704983274832
2002-08-31,17.29669440403271,0.3774332711329789,-69.16455213144384,27.02239528196736
2002-09-01,17.823728786566786,-0.20220174449805645,-70.91096436012978,26.977502448176644
2002-09-02,15.305926220246755,1.38365881426418,-70.543073715828,26.959701328199465
2002-09-03,14.023478518949235,1.1179225017028398,-70.18019943718181,26.3863783284671
2002-09-04,14.852751222129534,-0.17438418889682916,-68.21372275469285,25.724715541017158
2002-09-05,16.60339478022224,0.4516432342581467,-66.41711802994186,25.50969094448225
2002-09-06,17.10236998302401,0.3155011842409292,-67.76121448883883,25.99833020320886
2002-09-07,19.06022166376982,-2.1644285966581274,-66.63737365029128,25.993116969246028
2002-09-08,19.242988337006647,-2.384897835692948,-67.90735547795869,26.734454104885206
2002-09-09,19.121287452654638,-2.858211385536225,-68.47593407164426,27.468611410613228
2002-09-10,20.367393326335424,-2.822952193645392,-68.51669249158898,28.941900776464916
2002-09-11,19.548871722917223,-4.263695031974711,-68.3438769925765,28.359680007046947
2002-09-12,19.327522245314086,-2.578465541981331,-67.88326171866943,27.196824918855633
2002-09-13,22.01822531181967,-2.2068831238482103,-66.62456948753095,26.27438669090155
2002-09-14,23.327808111797115,-1.1178093138761462,-67.01152636681356,26.304760185145895
2002-09-15,21.204183137502998,-0.5490546735146878,-66.81479607287432,27.504324141079337
2002-09-16,21.36340722888753,-0.4380528943834866,-65.92565215535241,26.874818753663494
2002-09-17,21.926010950260387,0.5578072799743039,-66.60146433206542,27.05632643552293
2002-09-18,20.101295893031036,-1.913289247817606,-66.24781623017836,26.889752866376675
2002-09-19,19.446115232049262,-2.223038094098942,-65.86571807366992,26.499477441823718
2002-09-20,18.808493264942726,-1.877043639288218,-66.8356336682407,28.048557320208506
2002-09-21,19.77723545386138,-1.0726606468634543,-67.03152162189194,29.451150536746248
2002-09-22,19.699042099271693,-2.423648325978874,-66.23519524246431,30.073933392912945
2002-09-23,21.631560326498,-4.166588628862666,-67.60283141431464,29.636585921396236
2002-09-24,20.312207761124675,-4.820825925380321,-68.00128394161251,29.980427796078516
2002-09-25,20.7309919687675,-3.853736596095824,-68.0973717693307,31.049959584491855
2002-09-26,21.214201102526136,-4.720199216487728,-69.16564709180194,32.416563062722055
